id,text,language,category,source
4344da3a-f011-4591-8167-db6d0889f373,Hot water not available in hostel,en,Hostel,kaggle
625aaa86-e17f-438c-a505-ffa3dabcc4d2,Hot water nahi available in hostel,hi-en,Hostel,manual
79418671-150f-41b1-9812-8969d7d6d34c,Teacher does nahi explain topics properly,hi-en,Academic,ai
d45c083e-21bc-4eda-96d9-736bc7140947,Document verification delayed,hi-en,Administration,kaggle
6499bce4-ce52-4be2-8c9f-1cc4071a06bf,Exam timetable released very late,en,Academic,ai
2e38bb11-e041-4840-a28a-789850a03ea4,Teacher behaves rudely with students,en,Harassment,ai
d280834d-da70-4df9-8eef-d73527703f35,Hot water nahi available in hostel,hi-en,Hostel,kaggle
d7f493ea-c261-4fec-bd3b-b7fc2bf96dcc,Teacher does nahi explain topics properly,hi-en,Academic,ai
8c4b8cb7-61fe-452d-9801-48c20c6b8f6a,Syllabus hai nahi completed on time,hi-en,Academic,manual
1109853f-2fd7-4442-8f5b-e6386bbf5f37,Computer lab systems are very slow,en,IT,manual
e73f3a2b-fbdc-49b1-a7fb-d8e6693adf6f,Student was verbally abused,en,Harassment,kaggle
8564436b-d4a7-4a0c-bf47-71a74e1ca7a8,Electricity haisue in classroom,hi-en,Infrastructure,kaggle
7185b1e8-9407-4524-8ebf-8d7c1e87de9b,Student was verbally abused,en,Harassment,ai
fb0afbdd-d0a4-4b5d-9b4f-b0dcda70940d,Office staff nahi responding,hi-en,Administration,ai
099bf341-ef5f-43a6-b41c-caf4021150e3,Teacher does not explain topics properly,en,Academic,ai
1ca10c97-9bc6-4073-83f6-2d4d72a339a7,Teacher behaves rudely with students,hi-en,Harassment,kaggle
ef2e8cb9-279e-4a80-a512-584588d4a505,Student was verbally abused,en,Harassment,manual
79b0d30e-9f27-4ef0-a9dd-984eb3164583,Broken benches in lecture hall,hi-en,Infrastructure,kaggle
a4da4d19-72d7-44f5-b1e1-5be4c3b69e6b,Broken benches in lecture hall,hi-en,Infrastructure,manual
aea31e09-6622-40a0-bde0-8be657ab6b42,Office staff nahi responding,hi-en,Administration,ai
e457f20a-3a24-406a-a82f-d81c8e0a0884,Office staff not responding,en,Administration,manual
7c4443f1-e08d-425d-8038-ab6638de6ae5,Syllabus is not completed on time,en,Academic,kaggle
3e8f137e-2d5e-4e16-a2f2-0039abea4ad7,Electricity issue in classroom,en,Infrastructure,manual
c107f954-da55-41a7-b0ac-99bf59614150,WiFi nahi working in hostel room,hi-en,IT,ai
cb96b37c-ee5a-4d90-a7c2-cff30762262c,Computer lab systems are very slow,en,IT,manual
50bcb46b-e6d6-4fa6-8e6e-e8bd2f5abac7,Hostel food quality is very poor,en,Hostel,kaggle
44bd84f6-1bc9-4eed-ad61-1ec7a8b44ef4,Feeling unsafe due to misconduct,en,Harassment,kaggle
0bd3dbf1-59c0-4a7c-b210-c4c76534c61d,Hostel food quality is very poor,en,Hostel,ai
a47f58a5-bde4-458f-aac6-de769f26601b,Office staff not responding,en,Administration,ai
4b19b639-8606-4073-a876-c8959df82201,Exam timetable released very late,en,Academic,ai
d162ac3c-fd08-4c96-b234-7b7980ecef63,Computer lab systems are very slow,hi-en,IT,kaggle
7530b589-b4ec-4b30-ad02-8bcb9a208f93,Document verification delayed,en,Administration,kaggle
ab6a2610-a9b4-404d-a983-a43f48bbda1a,Student was verbally abused,hi-en,Harassment,ai
127f0306-ca00-43bd-97fc-14008f6de45b,Fee receipt not updated,en,Administration,manual
ec1ec46f-ea10-4881-9ef3-2b807e832e72,Document verification delayed,en,Administration,manual
437eafb7-167e-4122-bdcf-abeaa269c1c0,Hostel food quality hai very poor,hi-en,Hostel,manual
35d3a75b-21e7-4572-abe6-f0c3dc539966,Office staff nahi responding,hi-en,Administration,ai
e89570a1-d469-4140-8c02-e16610e851e7,Computer lab systems are very slow,hi-en,IT,manual
484a5615-11ff-4613-9486-e9aca5eea624,Hot water nahi available in hostel,hi-en,Hostel,manual
c8cdffea-770d-4c48-9f76-a830f94e882b,Hot water nahi available in hostel,hi-en,Hostel,manual
f1b5ac38-8426-48b3-9c9b-556bea576f10,Student was verbally abused,hi-en,Harassment,ai
900ba623-6f63-444c-a2bb-37c38e0fbc9d,Room cleaning is not done regularly,en,Hostel,ai
e8bb9870-194d-45ec-8bb0-fc3bc4f4e034,Exam timetable released very late,en,Academic,ai
6b950342-bcfa-43a0-ac1f-f3595123afab,Electricity haisue in classroom,hi-en,Infrastructure,kaggle
7b9b5367-303b-4b5c-a11e-6cee43a2c1d1,Exam timetable released very late,hi-en,Academic,ai
a0a78590-707c-427a-a5af-39a3add61f73,Broken benches in lecture hall,en,Infrastructure,ai
48d8522d-f198-4cad-aa62-5226a2d2dbbe,Student was verbally abused,hi-en,Harassment,manual
6ef3c96c-561d-4b39-b8a9-b11860b493f0,Water leakage in bathroom,hi-en,Infrastructure,kaggle
0c5c71e2-fedf-4d30-9945-542e833c4e69,Exam timetable released very late,en,Academic,kaggle
64e79b8e-9049-4479-b563-227dfa592494,WiFi not working in hostel room,en,IT,ai
f822c621-a648-4123-b21a-135f7d14fc60,Hot water nahi available in hostel,hi-en,Hostel,manual
450ecdbc-672d-4a5c-a1c4-91d8fde96c9e,Room cleaning is not done regularly,en,Hostel,ai
81a72e24-9824-49d4-962c-060d42ba440c,Exam timetable released very late,en,Academic,kaggle
0875d034-cbe5-44a7-8d1e-b52cfebc5faf,WiFi not working in hostel room,en,IT,manual
75489183-9f9a-4fe6-984a-b2e16d3b67eb,Broken benches in lecture hall,hi-en,Infrastructure,ai
2e1ba1ad-d3c9-4563-a76a-eb1619ce0e3e,Teacher does nahi explain topics properly,hi-en,Academic,manual
b9b2c50e-3c2f-4716-8fe8-3782f4b3ea77,Electricity haisue in classroom,hi-en,Infrastructure,ai
681517ed-98ed-4569-807e-4123a6dffffa,Broken benches in lecture hall,hi-en,Infrastructure,kaggle
a593691a-d665-4436-9c90-1888e25b0365,Fee receipt nahi updated,hi-en,Administration,manual
6cc9b259-23c2-40cd-a724-698648c98168,Hostel food quality hai very poor,hi-en,Hostel,kaggle
60166c92-09e5-4ac1-b9d3-ca3bcfa33134,Room cleaning is not done regularly,en,Hostel,manual
a1f1e4f2-6447-4c81-a46a-5449665ba8b5,Exam timetable released very late,en,Academic,manual
3a26f597-6c55-445a-adf1-a5d8a0838528,Teacher behaves rudely with students,hi-en,Harassment,ai
91153c24-a42e-419e-b57a-fbc117023156,Student was verbally abused,hi-en,Harassment,manual
009408d2-2018-4712-8b12-8611fb176691,Fee receipt not updated,en,Administration,ai
540d3bb3-f177-4440-ba19-c447a3939414,Office staff not responding,en,Administration,ai
4c60b454-056d-4dff-b526-f6b0b4d766ac,Syllabus is not completed on time,en,Academic,ai
4c323187-3c17-4361-8115-44d90c891985,Fee receipt nahi updated,hi-en,Administration,kaggle
0158e24f-4306-4a60-9bf3-57d8911fc89f,Teacher behaves rudely with students,hi-en,Harassment,kaggle
7155ee58-bfba-453d-b8a7-fc2060f1d808,WiFi nahi working in hostel room,hi-en,IT,ai
689f4ce5-1dd4-4bf2-b8d5-04b30b4abeff,Exam timetable released very late,hi-en,Academic,ai
674673da-847a-431d-a84d-abdd053a0e28,Syllabus hai nahi completed on time,hi-en,Academic,kaggle
959e9d78-245c-44e3-8fc0-05ed03cea7f9,Exam timetable released very late,en,Academic,manual
709ba159-3fcc-4d52-977f-01114aabf990,Student was verbally abused,hi-en,Harassment,kaggle
7a5b14c1-4372-4829-9c0b-d3f82eafbb5a,Electricity issue in classroom,en,Infrastructure,ai
6c56ad73-c9a6-40a0-9f28-12505df80311,Room cleaning is not done regularly,en,Hostel,kaggle
10fb8f8c-f2a8-43d7-902b-e1ed16d74755,Water leakage in bathroom,hi-en,Infrastructure,ai
24e5ee91-a2a2-451b-8746-5cafbc910b5a,Room cleaning is not done regularly,en,Hostel,kaggle
c2cc4e9e-4f05-4305-ab78-58fcd85d61e7,Broken benches in lecture hall,en,Infrastructure,manual
979792c5-16be-4f9b-a433-5fcfb1e7c6b7,Teacher does not explain topics properly,en,Academic,ai
f1aaa528-84cc-4da7-a010-72970321fc73,Broken benches in lecture hall,en,Infrastructure,ai
2a996e38-5139-48be-89e2-80832e57933b,Office staff nahi responding,hi-en,Administration,kaggle
d7a3880c-6ad4-4cf0-814c-14dac37dca20,Syllabus hai nahi completed on time,hi-en,Academic,kaggle
8fe52dbe-b8e8-4e50-ab12-fe8135998872,Hot water nahi available in hostel,hi-en,Hostel,manual
c516f6d8-4f3c-4c6a-9d43-238b22eaa4b8,Document verification delayed,en,Administration,ai
80ff7925-a777-4034-ace2-86db356417da,Teacher does not explain topics properly,en,Academic,manual
fdeec418-7062-41f4-8ff7-958b7d74a3f8,Document verification delayed,en,Administration,kaggle
00954b78-61ff-4507-a898-1c8291cfa265,Office staff nahi responding,hi-en,Administration,manual
cd23809b-3609-4b15-ba26-615593e480e5,Fee receipt not updated,en,Administration,manual
6ef84c4d-a2a8-40e4-b4b7-266939d008bc,Hostel food quality is very poor,en,Hostel,ai
8ef42671-30ff-464e-b54f-e106d4a9978f,Teacher does nahi explain topics properly,hi-en,Academic,ai
713102d3-c325-4862-b095-40a081b477e3,Room cleaning is not done regularly,en,Hostel,kaggle
7e8c2ce6-4848-4f29-8598-fceef89f26c8,Syllabus is not completed on time,en,Academic,ai
22f1c7eb-c7c6-493b-8051-380899754a54,Computer lab systems are very slow,hi-en,IT,ai
9889e7fe-66dd-4565-9564-e4a4e95686f5,Fee receipt not updated,en,Administration,kaggle
0a65892e-b541-44d4-9fc3-92ef09ff4806,Fee receipt nahi updated,hi-en,Administration,kaggle
f64ebb1b-157e-471d-8463-5522a051ca6a,Fee receipt nahi updated,hi-en,Administration,manual
5e429d77-a896-4ccb-9d32-ef9a8825fde3,Document verification delayed,en,Administration,manual
8a8fd644-8115-420c-b912-16e02e8928a6,Room cleaning is not done regularly,en,Hostel,manual
fda38294-c2b4-4e3c-930c-07e886c0fe51,Electricity issue in classroom,en,Infrastructure,manual
5673134a-eee4-4e32-bd91-6bc082402448,Water leakage in bathroom,hi-en,Infrastructure,ai
8d283bc0-7aed-4bd9-b3e3-f0123beab2eb,Fee receipt nahi updated,hi-en,Administration,manual
b95932c4-fa69-4f43-be33-ab2d95dbe503,Hostel food quality is very poor,en,Hostel,ai
b5b2b33a-1103-4d54-b2c8-4a10a23942bd,Syllabus hai nahi completed on time,hi-en,Academic,manual
ddf101f2-aadb-4347-b90e-827d8d26fd3a,Document verification delayed,en,Administration,manual
ca7de4eb-bf64-4621-90f2-4a06e884af49,Teacher behaves rudely with students,en,Harassment,kaggle
e1569e7a-f4d3-427d-99c5-516d06d73809,Water leakage in bathroom,en,Infrastructure,manual
662c47ce-e6a0-4068-a756-406c3c4a95f8,Teacher does nahi explain topics properly,hi-en,Academic,kaggle
a8b67e18-074c-4afd-97fd-f722d42d1125,Computer lab systems are very slow,hi-en,IT,kaggle
9bbd3f99-19f3-4d9a-8e24-549d5e9b202c,Broken benches in lecture hall,hi-en,Infrastructure,manual
6ac8178a-61ba-4cb2-80ca-ebc4fd74552c,Exam timetable released very late,hi-en,Academic,kaggle
ce7f6aa8-a9c6-4094-a6ff-478f641352a7,Broken benches in lecture hall,hi-en,Infrastructure,manual
6388e5e0-d3de-4c12-b2a8-080729ecd949,Document verification delayed,hi-en,Administration,ai
f2622232-2fac-4cc1-b6a3-773f362f5448,Computer lab systems are very slow,en,IT,kaggle
c0ff1e5d-fd39-4b4c-8bd9-1af3ce1efea6,Hot water nahi available in hostel,hi-en,Hostel,manual
5c4de42e-26da-4d5e-9baf-a049c9fc3815,Hostel food quality hai very poor,hi-en,Hostel,ai
45cb6da4-2dd7-4d98-84b7-c17eadf8f6d9,Student was verbally abused,en,Harassment,ai
a254aa82-50fb-4df9-9dae-4911b2152e96,Document verification delayed,hi-en,Administration,kaggle
c8e0424a-5e6d-45d1-b737-9d9c502594c1,Document verification delayed,en,Administration,kaggle
6fea09a7-2147-4017-81e0-f6ad79b55117,Computer lab systems are very slow,en,IT,kaggle
002f2307-2e81-40cc-a872-9c64003145a0,Room cleaning is not done regularly,en,Hostel,manual
608a9e15-f094-4bd6-9f8f-a5427fcc1b36,Room cleaning hai nahi done regularly,hi-en,Hostel,ai
855996a7-0ae9-4bf8-a1a0-70aaf9cdffd8,Computer lab systems are very slow,hi-en,IT,kaggle
cc8a4e88-d9a6-4477-bbcd-c26d08dbe927,Fee receipt nahi updated,hi-en,Administration,kaggle
5cc0322b-1c24-44fb-a88c-c9ff5d39e0a1,Teacher behaves rudely with students,en,Harassment,kaggle
f3d3b321-6711-420f-a15a-caf9d8fa61b7,Broken benches in lecture hall,en,Infrastructure,manual
345e97db-66d6-4fc9-a661-8d4022e15f9d,Syllabus is not completed on time,en,Academic,kaggle
92b5d0cf-34ca-42a7-8470-116eca9793f1,Syllabus is not completed on time,en,Academic,ai
6ae6cc2d-1c10-49f2-8248-fe14408016a2,Hot water not available in hostel,en,Hostel,kaggle
699f3b81-08cf-4999-8fdc-80ac9a1911ac,Computer lab systems are very slow,en,IT,ai
68470e6d-f323-40a0-8894-b7242d17a896,Room cleaning is not done regularly,en,Hostel,ai
afea5e81-28cb-40e9-9528-e0faa12aa28f,Hostel food quality hai very poor,hi-en,Hostel,manual
10272440-3557-4be4-b674-63996b3e116b,Electricity issue in classroom,en,Infrastructure,manual
79b9ea0c-5fbd-4bb7-b7eb-fece7d406f4c,Hostel food quality is very poor,en,Hostel,ai
ac8487e5-3934-4a10-9db1-b32f86b05719,Electricity issue in classroom,en,Infrastructure,ai
33e1647f-d48b-4c4a-af91-ba4eb66eaa89,Exam timetable released very late,hi-en,Academic,ai
559b6102-f739-42aa-8c34-aadcead6f338,Hot water nahi available in hostel,hi-en,Hostel,kaggle
c8b817b8-1086-47d3-b234-3b85456e35d0,Fee receipt not updated,en,Administration,kaggle
e5cc80db-df99-47f2-a42d-880706febffd,Computer lab systems are very slow,en,IT,kaggle
5758b155-80b7-4ee6-94e2-9cb7b98b2931,Office staff not responding,en,Administration,ai
f766fb9a-4179-4fae-b7a0-913fda058717,Broken benches in lecture hall,hi-en,Infrastructure,manual
fa7e766b-e6ad-446d-9d27-3f1c938a4165,Water leakage in bathroom,hi-en,Infrastructure,manual
8765d444-9d24-429a-9089-cb18caebb123,Exam timetable released very late,hi-en,Academic,ai
8a032973-500d-461d-b1b3-da941a718d75,Syllabus is not completed on time,en,Academic,kaggle
8b7c07dd-c88e-4f1e-845c-d6a984595728,Teacher does not explain topics properly,en,Academic,manual
7f063b6d-574e-478a-a931-18de07fa79d0,Student was verbally abused,hi-en,Harassment,kaggle
26fef070-1344-4564-aaac-4b26b16c078f,Teacher behaves rudely with students,hi-en,Harassment,manual
33e2dc76-ae8f-4e47-b42a-d5fcbb55833f,Broken benches in lecture hall,hi-en,Infrastructure,kaggle
764a01ec-76d6-4797-b405-42362d2da421,Fee receipt nahi updated,hi-en,Administration,ai
1e446210-df9f-477b-8c35-c1813e648702,Teacher behaves rudely with students,hi-en,Harassment,kaggle
15d40087-f37a-4c8f-ba99-225c3d014011,Room cleaning hai nahi done regularly,hi-en,Hostel,manual
1d7d0829-4eb9-4a94-86c4-2adeafd29385,Water leakage in bathroom,en,Infrastructure,ai
59bcddd7-7bad-4273-9c0d-968ae891448e,Fee receipt nahi updated,hi-en,Administration,kaggle
da41e0b4-43eb-404b-85cb-d6a734e2ff75,Student was verbally abused,en,Harassment,ai
4952b465-8107-45a8-b6db-7536a33bffd9,Student was verbally abused,hi-en,Harassment,manual
1d3387cd-68ee-4a37-8cf9-3a7619f79ff2,Hot water not available in hostel,en,Hostel,ai
0c690195-bd2e-436d-9a16-0ba27c5ba350,Hostel food quality hai very poor,hi-en,Hostel,ai
eb8bd0d3-ef7a-48c5-b24c-9a11ea15be4c,Document verification delayed,hi-en,Administration,manual
3bd82dfd-5dce-4123-84f1-033219e6c198,Document verification delayed,hi-en,Administration,manual
186a2f0e-2f7b-447e-bb32-57bcd1e923de,Exam timetable released very late,en,Academic,kaggle
4d1ac02a-3d06-49e2-bba2-760eb7915e29,Room cleaning is not done regularly,en,Hostel,kaggle
6619be22-692f-46b4-bfe5-51b5c8a88491,Hot water nahi available in hostel,hi-en,Hostel,ai
d02bef6d-6c04-4463-a46b-47971746599f,Water leakage in bathroom,en,Infrastructure,manual
63d9e8ae-3125-4874-855a-16e76e02637b,Water leakage in bathroom,hi-en,Infrastructure,ai
1f97e313-3eda-4185-8d76-af2d6d609142,Exam timetable released very late,hi-en,Academic,ai
fa1f4e9e-2443-447d-beb3-8537415495ab,Room cleaning is not done regularly,en,Hostel,manual
41035cd2-d486-46dd-a3fa-e3a1ff0ac2b9,Water leakage in bathroom,en,Infrastructure,manual
a472e7a4-f266-46f4-aea6-70d454c0066f,Electricity haisue in classroom,hi-en,Infrastructure,kaggle
4dfe4337-9bcf-43b2-b20a-fbcd96a9175f,Exam timetable released very late,hi-en,Academic,manual
e6086db8-9eae-434d-81bf-84402cff6911,Teacher does not explain topics properly,en,Academic,ai
a10e4f5c-e373-420d-a242-e3c1de9a76a5,Computer lab systems are very slow,hi-en,IT,manual
1aaaec62-82cb-44ce-b26d-144b69ce9d53,Student was verbally abused,hi-en,Harassment,manual
5c51ad4c-6b4d-4ec0-b1c4-6252dcd27852,Feeling unsafe due to mhaiconduct,hi-en,Harassment,manual
5c27f387-cd4e-44ee-b50a-a6fe07b1a805,Fee receipt not updated,en,Administration,manual
256d7af5-37c5-4cf0-8bb8-3fc4feb9f493,Syllabus is not completed on time,en,Academic,manual
cd5ea542-1d89-48c3-9c1b-ff2f0d57a37d,Broken benches in lecture hall,en,Infrastructure,manual
979a70fa-474d-4df0-a406-510b69e31de6,Computer lab systems are very slow,hi-en,IT,kaggle
1676aa3f-8405-4612-aa1b-b0270d2199cf,Room cleaning is not done regularly,en,Hostel,manual
e31a9bc0-3d08-4c76-83b5-5724d958d86d,Broken benches in lecture hall,hi-en,Infrastructure,ai
021d8cbc-a8c4-4812-a32e-f6483f663cd8,Broken benches in lecture hall,hi-en,Infrastructure,ai
556731eb-ed21-49ec-b176-03d25205f31b,Internet keeps disconnecting during online class,en,IT,manual
ec84ab7e-14b5-4d1b-a6a9-f8c31bb5423a,Feeling unsafe due to misconduct,en,Harassment,kaggle
5ae453ce-f90d-4e0f-9fae-8ad4ed0d5ea8,Office staff nahi responding,hi-en,Administration,manual
14c334e3-cee8-4a83-912c-62531bcdcb2a,Teacher behaves rudely with students,en,Harassment,manual
d099c941-ccf5-4bc7-a555-e25bff29b7b0,Feeling unsafe due to misconduct,en,Harassment,manual
ebe0c983-11a1-49f7-84a7-fe508a5a0d7d,Computer lab systems are very slow,hi-en,IT,manual
05a3093f-01ad-4796-9d14-5694cee2b048,Hostel food quality is very poor,en,Hostel,kaggle
2d505fb3-767b-4424-adc2-da8d44ddbed4,Broken benches in lecture hall,hi-en,Infrastructure,manual
e519cf12-d76e-44c1-b27f-caec262050f4,Hot water not available in hostel,en,Hostel,kaggle
f80810c2-2468-43c8-971f-57b283e9044c,Internet keeps dhaiconnecting during online class,hi-en,IT,ai
c577b2ea-9ba7-4068-933c-e140ec34f73a,Room cleaning is not done regularly,en,Hostel,manual
0e4d8d5c-d092-4899-b542-5566232a5471,Exam timetable released very late,hi-en,Academic,manual
460a5054-6450-4f53-9af4-5de27e26c984,Exam timetable released very late,en,Academic,ai
eda6eee9-0c5b-47ef-9ac4-33a178e7fae4,Broken benches in lecture hall,hi-en,Infrastructure,ai
ecbbcaf6-3d5f-48ce-b681-25cc3be2fa48,Document verification delayed,hi-en,Administration,kaggle
8ad4560c-c904-4b23-ab61-64ff4589b1e4,Feeling unsafe due to mhaiconduct,hi-en,Harassment,manual
e3428c3f-5c26-47f1-b4fb-4af0423182e5,WiFi not working in hostel room,en,IT,manual
590f7e38-d6f1-4c6e-8c44-8ac5eb6c3863,Fee receipt nahi updated,hi-en,Administration,kaggle
20daa3b8-7cc0-4075-a2a9-0d711848931a,Student was verbally abused,hi-en,Harassment,ai
0f640cc1-a63e-4f41-8603-023c13f86565,Teacher behaves rudely with students,hi-en,Harassment,kaggle
deaa76bf-7706-4f2f-926a-23c493a3ab97,Internet keeps disconnecting during online class,en,IT,ai
c39328dc-f6d1-4c2a-842f-dc9c929527be,Computer lab systems are very slow,hi-en,IT,manual
c55050ca-080f-4677-961e-ef6d176f05ce,Exam timetable released very late,hi-en,Academic,ai
17b98a4e-1050-4abd-992c-5a14d2f03236,Syllabus is not completed on time,en,Academic,ai
e376e246-3513-4579-8b47-0de48170cbd8,Broken benches in lecture hall,en,Infrastructure,ai
ec07d4ca-d577-48f1-9f6d-781ae41d11b6,Student was verbally abused,hi-en,Harassment,ai
7a5afe2a-baf7-4f7e-9ff0-137fbd250bda,Computer lab systems are very slow,en,IT,manual
ffbe8c72-010c-4b8d-a862-1aa22dbc043b,Internet keeps disconnecting during online class,en,IT,kaggle
2a8eee2d-512d-492f-9b64-e3c5bfee5e09,Water leakage in bathroom,hi-en,Infrastructure,manual
e45365b6-184e-472e-816c-4798c2aded4d,Fee receipt not updated,en,Administration,manual
82071702-60af-40aa-9381-be6a5b736f40,Fee receipt not updated,en,Administration,manual
b27344ec-b912-45a1-a3ee-ccb747e39e14,Exam timetable released very late,hi-en,Academic,ai
96774dea-4f07-4cd5-993c-644f97a654b7,Electricity haisue in classroom,hi-en,Infrastructure,ai
1b3cde05-1f6f-4419-9ecd-d7c879b72dfd,Feeling unsafe due to misconduct,en,Harassment,manual
eca5bf56-253d-4ac4-a402-32518f2e61f5,Teacher behaves rudely with students,hi-en,Harassment,ai
bfd97d37-c7c5-4123-8f1d-158c0cdf9809,Computer lab systems are very slow,hi-en,IT,ai
4bfaa7dd-a8ff-43cf-b8da-f4577f30364c,Electricity haisue in classroom,hi-en,Infrastructure,manual
01f12e48-dba2-465e-896e-a999c6277fb5,WiFi not working in hostel room,en,IT,kaggle
db6f3c42-c198-44c5-8991-08192cf0fcd2,Electricity haisue in classroom,hi-en,Infrastructure,kaggle
527467c1-4b4a-4f97-b9ea-ee414b59633a,Computer lab systems are very slow,en,IT,manual
4912ffeb-e84b-428e-93f9-928ba3bdddc0,Feeling unsafe due to misconduct,en,Harassment,kaggle
5f93c1a3-48d7-4fef-9229-6d296269e0dc,Teacher behaves rudely with students,hi-en,Harassment,manual
39ad8923-d1de-4936-af85-3bd2f1976336,Water leakage in bathroom,hi-en,Infrastructure,kaggle
10527c04-1c15-470c-8bcd-53c72768d2c7,Fee receipt not updated,en,Administration,ai
40da7f47-860b-4ce8-8f32-efee85d7218b,Student was verbally abused,hi-en,Harassment,kaggle
72a489fb-9f68-427e-b05b-f4ff12ed1770,Teacher behaves rudely with students,en,Harassment,ai
3ab6eb93-ee25-43c8-97f2-2dfddda3599c,WiFi nahi working in hostel room,hi-en,IT,manual
b26f0453-56c7-4ff2-9faf-d9ec926c6ef7,Internet keeps disconnecting during online class,en,IT,ai
52152dc9-3292-4e23-8b7b-f6eeecbd310d,Hot water not available in hostel,en,Hostel,manual
de8ff455-b7dd-4025-a4cd-639970233a10,Broken benches in lecture hall,hi-en,Infrastructure,ai
ce805e2b-6d3b-4a1b-b330-f07d7776be2d,WiFi not working in hostel room,en,IT,manual
3ac76d68-b862-4081-aa5f-6d7ade315fe2,Hostel food quality hai very poor,hi-en,Hostel,kaggle
8e43a295-2097-4b27-bab3-c8a7ddd5d0b3,Office staff nahi responding,hi-en,Administration,manual
72ca9249-c76f-4761-8bd0-9e8978a92429,Syllabus is not completed on time,en,Academic,ai
95f212b4-4d05-489d-a1c2-851e92e7ecc0,Syllabus hai nahi completed on time,hi-en,Academic,manual
2a601fce-d2d8-4503-85c1-0853e6ad08f3,Office staff not responding,en,Administration,manual
6b73f1c2-14d7-41b5-90d2-fb512b9d9934,Document verification delayed,hi-en,Administration,ai
f1327717-865c-49bd-a3fb-faf270c95ffd,Hostel food quality is very poor,en,Hostel,kaggle
7e62ed77-515e-47b0-a1b4-29a9001c6ef1,Room cleaning hai nahi done regularly,hi-en,Hostel,manual
1d0c7586-73ae-41e7-be99-03c7b4c0e84f,Hostel food quality is very poor,en,Hostel,ai
b39aed06-2d8a-4cbf-852e-d9afd3102cd9,Syllabus is not completed on time,en,Academic,kaggle
e5882f6c-96ef-4817-8062-0f37a98d1e4f,Document verification delayed,en,Administration,manual
3418cf3a-b99c-42fd-8e9c-4c994049327c,Electricity haisue in classroom,hi-en,Infrastructure,kaggle
247fcc73-6173-45d3-bbc4-3609851f95f7,Teacher does nahi explain topics properly,hi-en,Academic,kaggle
1082d75e-b361-47f1-b512-8676c665aed3,Electricity haisue in classroom,hi-en,Infrastructure,kaggle
a216ad5b-6959-49ea-9bfa-7c740036bfeb,WiFi nahi working in hostel room,hi-en,IT,ai
c6fb8e8a-7eef-4323-ad1a-aac634586359,Hostel food quality is very poor,en,Hostel,kaggle
e92bf5f9-817b-436a-a247-ec9682cc8fb3,Hot water not available in hostel,en,Hostel,ai
995f2487-7b71-4b88-a6a0-d2f1c3602b54,Internet keeps dhaiconnecting during online class,hi-en,IT,ai
341d344b-70de-446e-b7b5-7e72cde8f1d2,Student was verbally abused,en,Harassment,manual
6f3f14cd-47e0-4164-88bf-4f957376b7dd,Water leakage in bathroom,hi-en,Infrastructure,ai
e21a5447-91d9-43bc-806e-824b30beabd3,Teacher behaves rudely with students,en,Harassment,kaggle
38aa1ce7-e124-4c30-b3ec-25dd87340392,Exam timetable released very late,hi-en,Academic,ai
d43db919-cfe1-4bda-83b0-59f4e2ef828b,WiFi nahi working in hostel room,hi-en,IT,kaggle
9ff2d4f3-b6df-4548-920a-0e9e8fafd9fc,Fee receipt not updated,en,Administration,ai
4d1267d8-e310-40ba-812d-594516dc5638,Room cleaning hai nahi done regularly,hi-en,Hostel,manual
6f896e4f-8538-4ee1-8683-29b34cfeddd0,Office staff nahi responding,hi-en,Administration,ai
0f505e74-a51d-4c8a-92d4-28467b13a422,Fee receipt nahi updated,hi-en,Administration,manual
a090c6f6-1cb9-4f34-b6ab-e329e6b08345,Room cleaning is not done regularly,en,Hostel,ai
d9646dde-eaa5-4a09-87bc-58195eeaad78,WiFi not working in hostel room,en,IT,kaggle
cf3f6cef-fe45-4cd3-86dd-d5cc4d1c9e36,Syllabus hai nahi completed on time,hi-en,Academic,manual
7e808a2b-5800-4e1f-93ad-0e0bce183686,Broken benches in lecture hall,en,Infrastructure,manual
ebef9f37-315b-41b2-a88d-8d0ebd061c59,Document verification delayed,en,Administration,manual
963bc6da-e94e-4df0-8d82-d1b56da00048,Student was verbally abused,hi-en,Harassment,ai
e3af7af9-30a7-495d-963b-9d715e1561ff,Computer lab systems are very slow,en,IT,ai
9185e940-3468-41e3-b090-4d7bb2ca5496,Feeling unsafe due to misconduct,en,Harassment,manual
3439a95f-1ec3-48aa-a17d-b6c5b9bf64e1,Feeling unsafe due to mhaiconduct,hi-en,Harassment,manual
0bcf3d6a-cfe8-4d62-ac75-1210e28b7160,Document verification delayed,en,Administration,manual
332e3dcd-15ba-49c8-8321-10979d94a5d0,Office staff nahi responding,hi-en,Administration,ai
09bf782c-1eef-4f0a-b9c6-385731ba6c4f,Exam timetable released very late,hi-en,Academic,ai
fa8fcd75-7c3a-4b8f-88fe-6f547cabde63,Exam timetable released very late,hi-en,Academic,kaggle
1d1e3691-dde8-44dc-b326-a80be6b87590,Broken benches in lecture hall,hi-en,Infrastructure,ai
8647f2d7-a094-44de-9b41-eb0acfe93dcd,Hostel food quality hai very poor,hi-en,Hostel,kaggle
b0a3c007-1f64-423c-b500-750138681af2,Computer lab systems are very slow,hi-en,IT,kaggle
66725920-5311-412c-a022-a2b4d5756fba,Exam timetable released very late,en,Academic,ai
e91bb6a2-021e-4eda-9697-34f9a5baf156,Electricity issue in classroom,en,Infrastructure,manual
e22d7209-368c-41af-8985-7f12f74eaa1f,Document verification delayed,hi-en,Administration,kaggle
fbf93a34-3753-480e-a93c-48fe99ccaf7c,WiFi nahi working in hostel room,hi-en,IT,kaggle
ca99a6a4-7367-4c7b-a0c5-c123731af4f0,Feeling unsafe due to misconduct,en,Harassment,manual
96df52f6-fee4-4b1e-8701-59932bd91f5b,Exam timetable released very late,hi-en,Academic,ai
f641983e-94c3-4c61-be85-4c826898afb5,Feeling unsafe due to misconduct,en,Harassment,manual
b243d142-7441-487a-a8c0-d4428682e07b,WiFi nahi working in hostel room,hi-en,IT,manual
4feb043a-90ce-4d0d-896a-bb72cabdb38a,Student was verbally abused,hi-en,Harassment,kaggle
ccc2d4a2-2c44-4342-be16-1152934996de,Room cleaning is not done regularly,en,Hostel,manual
1e3eda5f-3f17-4a71-8605-923bd1bb52d6,Room cleaning hai nahi done regularly,hi-en,Hostel,manual
05a67fa4-b673-4f72-97b0-17d55756b2a2,Internet keeps dhaiconnecting during online class,hi-en,IT,kaggle
205a31d1-1a37-47dc-ac03-1cdc773056c2,Feeling unsafe due to mhaiconduct,hi-en,Harassment,kaggle
b92a6e20-5d9e-46ad-ac01-2ec2ea21c3d0,Electricity issue in classroom,en,Infrastructure,ai
d204c8ae-6fd5-4988-be16-746d8f0aea60,Hostel food quality hai very poor,hi-en,Hostel,manual
2454af92-93c0-4f1f-8414-3ad7b6103449,WiFi nahi working in hostel room,hi-en,IT,kaggle
b59af5e0-c02c-4ce4-90ee-38cc76854edf,Document verification delayed,hi-en,Administration,ai
d1c74ef1-7bf9-497f-a819-35020fec6245,Broken benches in lecture hall,en,Infrastructure,kaggle
f7e176b0-5ed3-4886-9cfd-4f9270b1504c,Exam timetable released very late,en,Academic,manual
dade5a4d-e9f6-4929-9807-f06c8f0c90bd,Electricity haisue in classroom,hi-en,Infrastructure,manual
0af59f6c-f249-4ff1-a5ea-532944185982,Feeling unsafe due to mhaiconduct,hi-en,Harassment,kaggle
c5fcc229-e788-4d05-9512-89f62e056051,Student was verbally abused,hi-en,Harassment,ai
22b134ce-a5cf-4825-838e-c07ee27f344b,Teacher does nahi explain topics properly,hi-en,Academic,ai
a9d96c14-866c-4a4d-b26e-bad6db0f4605,Student was verbally abused,en,Harassment,kaggle
06166c9b-0c45-40b2-a1b3-d09510b13d9d,Teacher does nahi explain topics properly,hi-en,Academic,manual
f86e93df-2bfa-4eab-9a79-5743a16780b7,Exam timetable released very late,en,Academic,manual
f12a71c1-6e2a-4a59-ae34-3eec545799e6,Syllabus hai nahi completed on time,hi-en,Academic,kaggle
9aae6355-939f-4c4a-9e90-2b2f1f4ac028,Teacher behaves rudely with students,en,Harassment,ai
e24bf9f6-1325-4aa6-a49e-fb3ca2851b32,Hostel food quality hai very poor,hi-en,Hostel,manual
e443ba18-e98a-4fb6-a713-95bc1b74a116,Broken benches in lecture hall,en,Infrastructure,kaggle
d067b31e-c8a4-4bac-ae12-4d645a5d800d,WiFi nahi working in hostel room,hi-en,IT,kaggle
b29a667a-5b1f-4ba7-bd03-7c55731b11fa,Room cleaning is not done regularly,en,Hostel,ai
9205364f-3f12-4aea-8f1d-34335d972adc,Internet keeps disconnecting during online class,en,IT,ai
cce59ed7-1c66-4e60-960e-6da3bdbba672,Electricity haisue in classroom,hi-en,Infrastructure,ai
cd090200-0886-4b45-ad8c-1026ecce04a1,Feeling unsafe due to misconduct,en,Harassment,ai
c80a2f81-2d7c-488e-92f2-db6018935655,Broken benches in lecture hall,en,Infrastructure,ai
e19d7993-f00c-48c2-ba7d-4cb3bfecc5c5,Feeling unsafe due to misconduct,en,Harassment,kaggle
2d4968d4-65b0-4951-8fa1-78bddfd78886,Room cleaning is not done regularly,en,Hostel,ai
57007988-049b-42cd-88b1-057c148f789a,Room cleaning is not done regularly,en,Hostel,kaggle
fd8d218a-2d1d-4bc2-b987-5989d9d0c1ce,Teacher does nahi explain topics properly,hi-en,Academic,manual
cca79726-32e0-4446-b667-7d4af0629b8a,Student was verbally abused,hi-en,Harassment,kaggle
b2924107-6965-4992-a9b6-cca69c8ff9af,Fee receipt nahi updated,hi-en,Administration,kaggle
adc2b669-6e17-43ce-8d5b-02fe9da9bb2f,Water leakage in bathroom,en,Infrastructure,manual
6eed76d4-8474-4f87-b1ec-181d2884bd13,Broken benches in lecture hall,en,Infrastructure,manual
938d92a5-45d0-46d5-8301-c8838bb295af,Syllabus is not completed on time,en,Academic,manual
932864cf-cc93-4fa3-9b5b-a7a116b2addd,Teacher does not explain topics properly,en,Academic,kaggle
770b59bd-c75c-4f54-8700-932915a9812d,Document verification delayed,en,Administration,kaggle
7bafab14-5b90-41dd-a6a9-18748b7df257,Water leakage in bathroom,hi-en,Infrastructure,manual
fef2db83-01ee-45ee-bfad-74d388dcb8d8,Electricity issue in classroom,en,Infrastructure,kaggle
ceccf3e8-c57a-48e6-b4a3-92cdd0b63a4f,Teacher does nahi explain topics properly,hi-en,Academic,ai
7b90164b-b13a-4ce7-b27d-e7623e7dbef2,Document verification delayed,en,Administration,ai
267795df-3d06-4a77-88f8-5adb2868fd57,Internet keeps dhaiconnecting during online class,hi-en,IT,ai
466d75b1-5b87-4824-8a38-bff2cbd75bb9,Student was verbally abused,hi-en,Harassment,ai
be4ac480-7506-4c2f-a011-8759250425b9,Teacher does nahi explain topics properly,hi-en,Academic,kaggle
084a2890-bea6-47a7-a934-f7a0c0b3ee5c,Office staff not responding,en,Administration,manual
31276c24-ec00-40d8-aa3a-c123be53b46d,Fee receipt nahi updated,hi-en,Administration,kaggle
6f349218-9f18-4dfa-97bd-674406d99024,Office staff not responding,en,Administration,manual
a08d4aed-d3d1-4f17-b8af-303a4398f3a3,Hot water not available in hostel,en,Hostel,ai
d0260993-b198-4385-989d-360164abdb29,Document verification delayed,hi-en,Administration,ai
9d313ba0-9503-491d-ac4b-7bd43ae7b94d,Internet keeps disconnecting during online class,en,IT,kaggle
69b1c69e-81d9-4aca-be42-5626f5ed20d1,Teacher behaves rudely with students,en,Harassment,kaggle
73ad9896-60bc-4efa-957b-987b8be4d7d4,Document verification delayed,hi-en,Administration,kaggle
df9ef249-db4d-41f8-9c4d-12f7f0cbef62,Broken benches in lecture hall,hi-en,Infrastructure,kaggle
aaffd82f-52db-4fde-aa8f-d1a34a750935,Feeling unsafe due to mhaiconduct,hi-en,Harassment,ai
d482570c-93ce-4474-8024-face360484dd,Hot water not available in hostel,en,Hostel,kaggle
2e40baad-5129-4b03-ab51-5c4d1da9133b,Exam timetable released very late,en,Academic,ai
29389726-9787-4a27-a021-d76dd360e032,Fee receipt nahi updated,hi-en,Administration,kaggle
747f49b5-92a8-4f6c-8002-784d56c1f8ba,Document verification delayed,hi-en,Administration,ai
7cbc2414-826c-4cd8-a474-4c0fee90410e,Student was verbally abused,en,Harassment,kaggle
90857d11-c63e-447f-8c40-8227677e87fe,Student was verbally abused,hi-en,Harassment,manual
a4bd339b-2fc9-4f7a-b818-a54d1640bf44,Hot water nahi available in hostel,hi-en,Hostel,manual
5ddb98e4-5b45-400e-b6e0-4020c1826746,Electricity haisue in classroom,hi-en,Infrastructure,manual
9fba8ea7-4c0f-48df-bcf5-c4407b44bcfd,Hot water nahi available in hostel,hi-en,Hostel,manual
296cae6a-46ea-4d4c-b6b1-2e1be67a1611,Exam timetable released very late,en,Academic,ai
efaa6c99-1eb9-4ae8-a5a6-239dfe1e602f,Hot water not available in hostel,en,Hostel,kaggle
294209c9-090d-4859-90f0-4b75fce68498,WiFi nahi working in hostel room,hi-en,IT,manual
436232e4-e88f-407f-8ec3-2514ef396b01,Exam timetable released very late,en,Academic,ai
996563e8-0a1d-482d-b1ed-9e7f5771cf87,Internet keeps disconnecting during online class,en,IT,manual
7cdc418b-68da-4f58-b160-79447c4b3271,Student was verbally abused,en,Harassment,ai
ae6e2468-0839-437c-a481-cc646cd2878c,Room cleaning hai nahi done regularly,hi-en,Hostel,ai
14bb590e-6a86-4e6f-bb29-0e093b968b23,Document verification delayed,en,Administration,ai
5e9974df-247a-4297-9fa3-e9717405bee4,Office staff not responding,en,Administration,ai
d79a5867-af4d-4a87-ad05-b446686122c2,Exam timetable released very late,en,Academic,manual
204f691d-dda6-4d35-b21b-ea8726a19304,Exam timetable released very late,hi-en,Academic,kaggle
16aed1e8-5bfb-4a56-b2c6-c7cba18f983f,Hostel food quality is very poor,en,Hostel,kaggle
71a5beab-86de-4556-afeb-164b07a5b2b4,Syllabus is not completed on time,en,Academic,manual
c8257840-a2a9-496f-a551-f2a0f6a8f606,Fee receipt not updated,en,Administration,manual
7f21ba36-9d08-492f-9f4b-ee608b6c523f,Fee receipt not updated,en,Administration,manual
581e5187-6c69-4c6c-b670-d6801781a893,WiFi not working in hostel room,en,IT,ai
f37330ed-7354-4b75-8a60-39e22872c5ce,Feeling unsafe due to misconduct,en,Harassment,manual
300f56a0-34b4-42f8-b0f9-e2a974408369,Hot water not available in hostel,en,Hostel,manual
019b1604-4f39-462a-8cf2-29797379d009,Water leakage in bathroom,en,Infrastructure,ai
4e02b426-290d-4898-bf10-9f774be1e182,Hostel food quality hai very poor,hi-en,Hostel,ai
e3b88c33-43e3-46c5-9f28-dcb133642996,Teacher behaves rudely with students,en,Harassment,ai
86f75051-31fe-4848-aeee-f052b617475a,Electricity issue in classroom,en,Infrastructure,manual
02381d9f-6146-46d8-a25e-96fe719ec8c8,Exam timetable released very late,en,Academic,ai
9975fd5c-75ef-4d4d-b568-b14bea471367,Computer lab systems are very slow,hi-en,IT,kaggle
bfff574a-56b2-4bca-9047-d8c5d3665df3,Office staff not responding,en,Administration,kaggle
fb62ce8d-1c6a-4975-8b89-75d965e7a006,Fee receipt nahi updated,hi-en,Administration,manual
3b0bfd2f-100a-4cf8-bc31-66757589a6d0,WiFi nahi working in hostel room,hi-en,IT,kaggle
2cb6e14d-b0b7-44e3-af13-70cbcdf2fe8f,Feeling unsafe due to mhaiconduct,hi-en,Harassment,kaggle
21706562-c52b-4f59-8d5a-2d0f9ba9866e,Document verification delayed,hi-en,Administration,manual
cc96d952-ac1e-47e6-bb1d-d828cb620c51,Room cleaning hai nahi done regularly,hi-en,Hostel,kaggle
506641b7-a4a4-479e-a19f-9f762e40c8da,Computer lab systems are very slow,hi-en,IT,ai
aaaadefe-21b4-4e38-b74d-542db9b4f74a,Electricity haisue in classroom,hi-en,Infrastructure,kaggle
ff2212b4-d502-4522-a318-3090898a5f25,WiFi nahi working in hostel room,hi-en,IT,kaggle
f3b7a2fa-bc5b-4e9f-b9db-c194e9bd343f,WiFi not working in hostel room,en,IT,manual
dea06fb1-1b41-4b11-abe9-93a449fc2c90,Student was verbally abused,en,Harassment,ai
63213404-d683-4b63-9119-8490d1e51702,Room cleaning is not done regularly,en,Hostel,kaggle
cb4c336f-415f-48cb-9be4-0bebccf7c5a7,Exam timetable released very late,hi-en,Academic,ai
3930a259-7260-484f-9241-78b5ef1e9ca6,Hot water nahi available in hostel,hi-en,Hostel,manual
29bfdbc6-990f-4fc3-ab79-04c9b1d32d5c,Exam timetable released very late,en,Academic,manual
ef7317f8-6876-41b4-a355-4dc63f8ed37b,Teacher behaves rudely with students,en,Harassment,manual
32e32074-0481-4e83-b01e-da8b64774a36,Feeling unsafe due to misconduct,en,Harassment,ai
42e7ba2b-02a2-417d-802a-9dec59901e52,Teacher behaves rudely with students,en,Harassment,ai
ce033ada-624f-437a-9db7-4eb65cf43402,Broken benches in lecture hall,en,Infrastructure,ai
600f7572-a003-43a6-9426-b75c0587379c,Document verification delayed,hi-en,Administration,manual
a1430fe9-c206-4d78-b023-28b05843a1c9,Feeling unsafe due to mhaiconduct,hi-en,Harassment,kaggle
1c3dff42-93bd-4dd4-ab96-f90917160670,Office staff not responding,en,Administration,kaggle
2d00419b-450f-423c-ad15-47dd73eccd01,Room cleaning hai nahi done regularly,hi-en,Hostel,kaggle
ff111785-2954-429c-9aad-3fb3bd7ae063,Hot water not available in hostel,en,Hostel,manual
aa610909-07ef-4313-b2bb-3f0cc7e17130,Feeling unsafe due to misconduct,en,Harassment,kaggle
b09e8cf5-f9b1-469d-ba52-9393adc5fd89,Syllabus is not completed on time,en,Academic,ai
c527296a-c3a4-4a1c-8d73-9057ebbb291f,Syllabus is not completed on time,en,Academic,kaggle
b4faec78-66f8-42d5-aabb-f36babe7f5ca,WiFi not working in hostel room,en,IT,kaggle
e6a0cbf0-e14b-42b5-b35f-a98f2cc1e4ea,Electricity haisue in classroom,hi-en,Infrastructure,ai
8855d8f6-59bc-4343-80af-86770bac9d15,Water leakage in bathroom,hi-en,Infrastructure,manual
40b5db7d-adaf-426d-9f61-9f34dda72928,Room cleaning hai nahi done regularly,hi-en,Hostel,ai
4cc3fc6c-740e-4644-832c-b240d4fc9060,Document verification delayed,hi-en,Administration,manual
d7bd26d4-370f-4d1c-9a13-c290c03dba15,Syllabus is not completed on time,en,Academic,manual
f585889c-c075-4bbd-926a-a144afe29d3f,Feeling unsafe due to mhaiconduct,hi-en,Harassment,kaggle
2e51440c-bd97-4865-ac82-5977f04175f9,Document verification delayed,hi-en,Administration,manual
982a7256-ac3d-40f9-b5f0-19b2fb134259,Syllabus hai nahi completed on time,hi-en,Academic,manual
c43a5358-79ea-4d38-959b-fb7e1f5afa71,Broken benches in lecture hall,en,Infrastructure,kaggle
71b693f6-5c6a-45f9-8aad-9b995e424043,WiFi not working in hostel room,en,IT,kaggle
81c625aa-ff7a-4fb6-878b-f625776585a4,Computer lab systems are very slow,en,IT,manual
b7b4b385-127b-4df5-b6a6-bdeb5079e7ba,Exam timetable released very late,hi-en,Academic,ai
14d6641f-36d7-4a06-8dda-4a8013ec3491,Water leakage in bathroom,en,Infrastructure,kaggle
1ae3959a-d166-4fac-b5a9-4ee8398b1fc5,Hostel food quality is very poor,en,Hostel,ai
60730e3c-849f-4397-93c6-8cbf863b4aaf,Room cleaning is not done regularly,en,Hostel,manual
51cf58c6-477d-465e-b1a0-9f31af59489e,Hot water not available in hostel,en,Hostel,kaggle
920d0703-5db4-4534-8c9a-e4bb95c6fc2f,Teacher does not explain topics properly,en,Academic,kaggle
0947ae84-3b71-4f22-b0a6-02240835985e,Student was verbally abused,hi-en,Harassment,kaggle
a7b2d829-b091-4eeb-b559-28f62b9d1b86,Document verification delayed,en,Administration,kaggle
75c25742-b769-497e-a427-3c930b20a67c,Teacher does not explain topics properly,en,Academic,ai
dc234936-5fcc-4314-a277-cad8827798cf,Teacher does nahi explain topics properly,hi-en,Academic,kaggle
09014c25-14eb-4cd8-b292-76b89588bb0c,WiFi nahi working in hostel room,hi-en,IT,ai
6c27e289-12bb-4834-ac7f-bb29f2f9350b,WiFi nahi working in hostel room,hi-en,IT,ai
a08fb757-af40-40d9-8765-5834f6b34da0,Document verification delayed,en,Administration,manual
8a4b6dd8-6ace-4c39-84ca-0fbe9388c0c4,Electricity issue in classroom,en,Infrastructure,kaggle
a2627e79-aeec-40ac-a937-7c33413e9669,WiFi nahi working in hostel room,hi-en,IT,ai
2bdec9b5-c1ee-444f-abbf-4146077bf136,Water leakage in bathroom,hi-en,Infrastructure,kaggle
dfee0990-6153-4f85-8033-934b547fa4e7,Exam timetable released very late,hi-en,Academic,kaggle
e4d3906f-29a3-4d0e-8652-30847c3f2235,Water leakage in bathroom,en,Infrastructure,ai
f31e4b1f-4ebe-47f5-91eb-3c4933db33ff,Fee receipt nahi updated,hi-en,Administration,kaggle
b2c2fd21-e2af-4b23-a5ac-46a310b35273,Hostel food quality hai very poor,hi-en,Hostel,manual
14011cb8-18ce-451a-9234-323ad5e11af3,Syllabus hai nahi completed on time,hi-en,Academic,ai
ae2218af-7b24-4cab-ba12-cefc6a9258a7,Electricity issue in classroom,en,Infrastructure,manual
9abad38d-1121-473a-9a96-2af33a0d0cff,Broken benches in lecture hall,en,Infrastructure,ai
bfc67c3c-7925-4967-bf97-24c02b8013fb,Teacher behaves rudely with students,hi-en,Harassment,kaggle
9aa55c0b-6366-4c40-8cc3-a992463cbdf7,Electricity haisue in classroom,hi-en,Infrastructure,ai
34ee87d7-8dd7-4dd3-9ae9-11babf92fb87,Exam timetable released very late,hi-en,Academic,ai
959fdf4d-0949-4b9d-9065-50d63d4e3dad,Office staff nahi responding,hi-en,Administration,manual
1ef81e0e-0115-496d-8a74-60f83df92a6e,Teacher does not explain topics properly,en,Academic,kaggle
52cc46de-70ed-49a7-82a2-adb6daec425f,Student was verbally abused,hi-en,Harassment,kaggle
496a7c71-4933-49d5-b475-01d3ce679cc6,Teacher does not explain topics properly,en,Academic,kaggle
9a1deb00-9cd2-4486-96f6-1f24aaf05b52,Exam timetable released very late,en,Academic,kaggle
5bb9b5e3-6f8e-487a-ba4b-46ec8321ad15,Room cleaning is not done regularly,en,Hostel,manual
810557de-d965-475f-92f9-f5a5eb160f7f,Room cleaning hai nahi done regularly,hi-en,Hostel,manual
b8e01c61-80a2-4337-92e4-9c25cc14ff1e,Teacher does not explain topics properly,en,Academic,ai
0ac73839-3947-4ebf-abd4-4ae75936ad04,Office staff nahi responding,hi-en,Administration,ai
db757065-9ca6-46ce-9972-bb228c20f1a8,WiFi not working in hostel room,en,IT,kaggle
0030de5b-173d-448e-a1d9-8e97e80680bd,Feeling unsafe due to misconduct,en,Harassment,manual
60bea9e8-c0cc-4910-86f4-59848c0f8236,Exam timetable released very late,en,Academic,manual
3014d099-fdb1-432f-9ed0-1f1250b4fc87,Teacher does not explain topics properly,en,Academic,manual
881b1a1a-38cc-4e87-9fac-6bbd2dbe2c61,Internet keeps disconnecting during online class,en,IT,kaggle
e66e4518-fa1d-4f3b-98ec-f8e7bda9fe6e,Document verification delayed,hi-en,Administration,ai
900da505-3b40-473e-b18b-7e7872271332,Fee receipt not updated,en,Administration,kaggle
a5742ade-0f0e-45ea-84e6-ef08d2240308,WiFi not working in hostel room,en,IT,kaggle
2d6b2ead-9270-4d6a-9ed6-7805a49b5f10,Teacher does not explain topics properly,en,Academic,kaggle
9d82223c-9186-4301-aade-1591f8adebff,Office staff not responding,en,Administration,kaggle
af3ecf1a-c10e-435b-8044-1b8041636384,Internet keeps dhaiconnecting during online class,hi-en,IT,kaggle
2825aca2-1d8d-45dc-ae62-cedcf861f975,Teacher behaves rudely with students,hi-en,Harassment,ai
825174eb-f706-4267-b64d-dfa675c6abee,Teacher does nahi explain topics properly,hi-en,Academic,kaggle
f584e218-3c2a-487d-81b2-6684d7b52a60,Document verification delayed,en,Administration,manual
d1512932-fdf2-420a-9c60-c01c158e82dc,Room cleaning is not done regularly,en,Hostel,kaggle
5e656317-a12e-41a8-bdf1-0754743dbc86,Water leakage in bathroom,en,Infrastructure,ai
5dded6a5-c8b4-464f-bdf4-291ba71a07ec,Room cleaning hai nahi done regularly,hi-en,Hostel,manual
b822be4a-b0ec-47ca-9ad7-d0eb3f2de87b,Water leakage in bathroom,hi-en,Infrastructure,manual
4775b756-002a-48a3-8854-94d2d7219b92,Office staff nahi responding,hi-en,Administration,kaggle
352948aa-ea46-4182-9d22-f5933e25af0b,Feeling unsafe due to misconduct,en,Harassment,ai
b3348c5e-4e1b-451a-bd3c-d7d2fb3f3ec4,WiFi nahi working in hostel room,hi-en,IT,manual
34faaf77-7c88-4b7d-a2d4-21e205e70c02,Fee receipt nahi updated,hi-en,Administration,kaggle
d25b03fb-dfd6-4c07-a48c-a8dde95ecf59,Student was verbally abused,hi-en,Harassment,manual
2760d61c-7b7b-4081-b26d-89c7e0a3f8e2,Water leakage in bathroom,en,Infrastructure,kaggle
d241bda7-1c2b-4911-9cfc-0d14792722e4,WiFi not working in hostel room,en,IT,manual
c798a4ad-bc8c-4561-accb-4736bc5427b3,Syllabus hai nahi completed on time,hi-en,Academic,kaggle
ff27d465-133f-4a33-b767-808c773aac33,WiFi nahi working in hostel room,hi-en,IT,kaggle
06f0c6f3-8740-4485-a08b-109e172e717b,Internet keeps disconnecting during online class,en,IT,kaggle
11ebbd95-64bd-46c1-beac-8da9d9c89d1f,WiFi nahi working in hostel room,hi-en,IT,kaggle
2786010f-cc95-4076-a35c-7d2185c06ff8,Water leakage in bathroom,en,Infrastructure,kaggle
b604bccb-4463-4801-9a4e-fb93570392e9,Broken benches in lecture hall,en,Infrastructure,ai
326312f4-f413-40f1-8208-74981a72d680,Teacher behaves rudely with students,hi-en,Harassment,ai
662f1a14-acc9-4fe5-b770-12b148d37a3b,Office staff not responding,en,Administration,manual
b83c35c2-c7de-4bec-9367-1a9e4f0c3df0,Hot water nahi available in hostel,hi-en,Hostel,manual
af9ecc88-b004-4f71-aa78-269f4996d167,Student was verbally abused,en,Harassment,kaggle
08470252-b86d-4389-b111-7776f02343af,WiFi nahi working in hostel room,hi-en,IT,kaggle
e170d88f-a7a0-4897-ac8e-59dfb9076b20,Room cleaning hai nahi done regularly,hi-en,Hostel,kaggle
633e20c3-037f-4a7c-a052-fb9cd9ae42b8,Fee receipt nahi updated,hi-en,Administration,ai
9f286315-6078-4dc6-bfbd-b3c16c82e4ea,Exam timetable released very late,en,Academic,manual
f9a27812-5448-4534-ba6f-20e48115903b,Exam timetable released very late,hi-en,Academic,ai
0ea87f83-2132-492b-bb85-f12081697a0e,Exam timetable released very late,en,Academic,ai
f81fa665-dbe1-4b50-8dd9-44b3ca7ff497,Fee receipt nahi updated,hi-en,Administration,manual
3ede42e0-ee59-4856-8316-7d3864cba48d,Water leakage in bathroom,en,Infrastructure,kaggle
fbede7e7-3e36-4e32-ae46-97dd1c3c9fef,Teacher behaves rudely with students,en,Harassment,ai
d8624f2d-26eb-408b-adba-6fabb086387f,Student was verbally abused,en,Harassment,manual
eee60973-f283-422e-9d33-b83d418806c8,Hot water not available in hostel,en,Hostel,manual
c2f3ba14-fbcb-4918-94db-661cdafce628,Feeling unsafe due to misconduct,en,Harassment,manual
686343fa-81e0-416b-b706-ec7cabdd3512,Syllabus hai nahi completed on time,hi-en,Academic,manual
b82a70b9-c633-4a8e-9021-042226920165,Room cleaning hai nahi done regularly,hi-en,Hostel,kaggle
b9f146ea-761f-4383-9efd-6d7ea5190f05,Exam timetable released very late,en,Academic,kaggle
bf3b2142-eeee-46fc-bbe9-b61cc9466ced,Exam timetable released very late,en,Academic,manual
dd4bf879-5a06-4acf-82bb-bf7db6592d54,Water leakage in bathroom,hi-en,Infrastructure,kaggle
60bb9dc1-059a-4630-998c-8916b8a722df,Room cleaning hai nahi done regularly,hi-en,Hostel,kaggle
c8427879-2e19-4ef5-bf3f-fe3bbd239714,Hostel food quality is very poor,en,Hostel,ai
92e77f56-397c-40d0-b92f-e51686d49bbe,Teacher behaves rudely with students,hi-en,Harassment,manual
